{"cameraMode":{"drawMode":0,"name":"Shaded","section":"Shading Mode"},"sceneLighting":false,"audioPlay":false,"sceneViewState":{"showFog":true,"showMaterialUpdate":false,"showSkybox":true,"showFlares":true,"showImageEffects":true,"showParticleSystems":true},"in2DMode":false,"pivot":{"x":2.783641815185547,"y":2.677734375,"z":-0.91650390625},"rotation":{"x":0.4266411364078522,"y":-0.027937332168221475,"z":0.013186967931687832,"w":0.9038953185081482},"size":3.4254674911499025,"orthographic":true}