{"cameraMode":{"drawMode":0,"name":"Shaded","section":"Shading Mode"},"sceneLighting":false,"audioPlay":false,"sceneViewState":{"showFog":true,"showMaterialUpdate":false,"showSkybox":false,"showFlares":true,"showImageEffects":true,"showParticleSystems":true},"in2DMode":false,"pivot":{"x":0.0,"y":-0.00034649670124053955,"z":0.17845946550369264},"rotation":{"x":-0.2619660198688507,"y":0.055269524455070499,"z":-0.015036091208457947,"w":-0.963401734828949},"size":75.30801391601563,"orthographic":false}