{"cameraMode":{"drawMode":0,"name":"Shaded","section":"Shading Mode"},"sceneLighting":false,"audioPlay":false,"sceneViewState":{"showFog":true,"showMaterialUpdate":false,"showSkybox":false,"showFlares":true,"showImageEffects":true,"showParticleSystems":true},"in2DMode":false,"pivot":{"x":0.00028884410858154297,"y":0.7876560688018799,"z":0.0},"rotation":{"x":-0.2619660198688507,"y":0.055269524455070499,"z":-0.015036091208457947,"w":-0.963401734828949},"size":3.4254648685455324,"orthographic":false}