{"cameraMode":{"drawMode":0,"name":"Shaded","section":"Shading Mode"},"sceneLighting":false,"audioPlay":false,"sceneViewState":{"showFog":true,"showMaterialUpdate":false,"showSkybox":true,"showFlares":true,"showImageEffects":true,"showParticleSystems":true},"in2DMode":false,"pivot":{"x":110.5494155883789,"y":7.384494781494141,"z":5.532720565795898},"rotation":{"x":0.27538150548934939,"y":-0.009515141136944294,"z":0.0027259124908596279,"w":0.9612858891487122},"size":23.493545532226564,"orthographic":false}